--
-- PostgreSQL database dump
--

\restrict wUZvavg1dGv1STMCU4by0WyyPTaWt84cmZt1nhFTlPS2HPJdRUojV3Pj665mHsc

-- Dumped from database version 15.18
-- Dumped by pg_dump version 15.18

SET statement_timeout = 0;
SET lock_timeout = 0;
SET idle_in_transaction_session_timeout = 0;
SET client_encoding = 'UTF8';
SET standard_conforming_strings = on;
SELECT pg_catalog.set_config('search_path', '', false);
SET check_function_bodies = false;
SET xmloption = content;
SET client_min_messages = warning;
SET row_security = off;

ALTER TABLE ONLY public.products DROP CONSTRAINT fkog2rp4qthbtt2lfyhfo32lsw9;
ALTER TABLE ONLY public.order_items DROP CONSTRAINT fkbioxgbv59vetrxe0ejfubep1w;
ALTER TABLE ONLY public.products DROP CONSTRAINT fka3a4mpsfdf4d2y6r8ra3sc8mv;
DROP INDEX public.idx_user_profiles_username;
DROP INDEX public.idx_user_credentials_username;
DROP INDEX public.idx_product_name;
DROP INDEX public.idx_product_category;
DROP INDEX public.idx_outbox_status;
DROP INDEX public.idx_orders_user_id;
DROP INDEX public.idx_order_items_product_id;
ALTER TABLE ONLY public.user_profiles DROP CONSTRAINT user_profiles_pkey;
ALTER TABLE ONLY public.user_credentials DROP CONSTRAINT user_credentials_pkey;
ALTER TABLE ONLY public.categories DROP CONSTRAINT ukt8o6pivur7nn124jehx7cygw5;
ALTER TABLE ONLY public.brands DROP CONSTRAINT ukoce3937d2f4mpfqrycbr0l93m;
ALTER TABLE ONLY public.products DROP CONSTRAINT products_pkey;
ALTER TABLE ONLY public.processed_events DROP CONSTRAINT processed_events_pkey;
ALTER TABLE ONLY public.outbox_events DROP CONSTRAINT outbox_events_pkey;
ALTER TABLE ONLY public.orders DROP CONSTRAINT orders_pkey;
ALTER TABLE ONLY public.order_items DROP CONSTRAINT order_items_pkey;
ALTER TABLE ONLY public.categories DROP CONSTRAINT categories_pkey;
ALTER TABLE ONLY public.brands DROP CONSTRAINT brands_pkey;
DROP TABLE public.user_profiles;
DROP TABLE public.user_credentials;
DROP TABLE public.products;
DROP TABLE public.processed_events;
DROP TABLE public.outbox_events;
DROP TABLE public.orders;
DROP TABLE public.order_items;
DROP TABLE public.categories;
DROP TABLE public.brands;
SET default_tablespace = '';

SET default_table_access_method = heap;

--
-- Name: brands; Type: TABLE; Schema: public; Owner: shop_user
--

CREATE TABLE public.brands (
    id bigint NOT NULL,
    name character varying(255) NOT NULL,
    updated_at timestamp(6) without time zone,
    created_at timestamp(6) without time zone DEFAULT CURRENT_TIMESTAMP,
    deleted boolean DEFAULT false
);


ALTER TABLE public.brands OWNER TO shop_user;

--
-- Name: brands_id_seq; Type: SEQUENCE; Schema: public; Owner: shop_user
--

ALTER TABLE public.brands ALTER COLUMN id ADD GENERATED BY DEFAULT AS IDENTITY (
    SEQUENCE NAME public.brands_id_seq
    START WITH 1
    INCREMENT BY 1
    NO MINVALUE
    NO MAXVALUE
    CACHE 1
);


--
-- Name: categories; Type: TABLE; Schema: public; Owner: shop_user
--

CREATE TABLE public.categories (
    id bigint NOT NULL,
    name character varying(255) NOT NULL,
    updated_at timestamp(6) without time zone,
    created_at timestamp(6) without time zone DEFAULT CURRENT_TIMESTAMP,
    deleted boolean DEFAULT false
);


ALTER TABLE public.categories OWNER TO shop_user;

--
-- Name: categories_id_seq; Type: SEQUENCE; Schema: public; Owner: shop_user
--

ALTER TABLE public.categories ALTER COLUMN id ADD GENERATED BY DEFAULT AS IDENTITY (
    SEQUENCE NAME public.categories_id_seq
    START WITH 1
    INCREMENT BY 1
    NO MINVALUE
    NO MAXVALUE
    CACHE 1
);


--
-- Name: order_items; Type: TABLE; Schema: public; Owner: shop_user
--

CREATE TABLE public.order_items (
    id bigint NOT NULL,
    price numeric(38,2),
    product_id bigint,
    quantity integer,
    order_id bigint,
    created_at timestamp(6) without time zone DEFAULT CURRENT_TIMESTAMP,
    updated_at timestamp(6) without time zone DEFAULT CURRENT_TIMESTAMP,
    deleted boolean DEFAULT false
);


ALTER TABLE public.order_items OWNER TO shop_user;

--
-- Name: order_items_id_seq; Type: SEQUENCE; Schema: public; Owner: shop_user
--

ALTER TABLE public.order_items ALTER COLUMN id ADD GENERATED BY DEFAULT AS IDENTITY (
    SEQUENCE NAME public.order_items_id_seq
    START WITH 1
    INCREMENT BY 1
    NO MINVALUE
    NO MAXVALUE
    CACHE 1
);


--
-- Name: orders; Type: TABLE; Schema: public; Owner: shop_user
--

CREATE TABLE public.orders (
    id bigint NOT NULL,
    created_at timestamp(6) without time zone,
    status character varying(255),
    total_amount numeric(38,2),
    user_id character varying(255),
    updated_at timestamp(6) without time zone,
    deleted boolean DEFAULT false
);


ALTER TABLE public.orders OWNER TO shop_user;

--
-- Name: orders_id_seq; Type: SEQUENCE; Schema: public; Owner: shop_user
--

ALTER TABLE public.orders ALTER COLUMN id ADD GENERATED BY DEFAULT AS IDENTITY (
    SEQUENCE NAME public.orders_id_seq
    START WITH 1
    INCREMENT BY 1
    NO MINVALUE
    NO MAXVALUE
    CACHE 1
);


--
-- Name: outbox_events; Type: TABLE; Schema: public; Owner: shop_user
--

CREATE TABLE public.outbox_events (
    id character varying(255) NOT NULL,
    aggregate_id character varying(255),
    created_at timestamp(6) without time zone,
    event_type character varying(255),
    payload text,
    status character varying(255),
    updated_at timestamp(6) without time zone DEFAULT CURRENT_TIMESTAMP,
    deleted boolean DEFAULT false
);


ALTER TABLE public.outbox_events OWNER TO shop_user;

--
-- Name: processed_events; Type: TABLE; Schema: public; Owner: shop_user
--

CREATE TABLE public.processed_events (
    event_id character varying(255) NOT NULL,
    processed_at timestamp(6) without time zone,
    created_at timestamp(6) without time zone DEFAULT CURRENT_TIMESTAMP,
    updated_at timestamp(6) without time zone DEFAULT CURRENT_TIMESTAMP,
    deleted boolean DEFAULT false
);


ALTER TABLE public.processed_events OWNER TO shop_user;

--
-- Name: products; Type: TABLE; Schema: public; Owner: shop_user
--

CREATE TABLE public.products (
    id bigint NOT NULL,
    description character varying(255),
    name character varying(255) NOT NULL,
    price numeric(38,2) NOT NULL,
    stock_quantity integer,
    image_url character varying(255),
    brand_id bigint,
    category_id bigint,
    updated_at timestamp(6) without time zone,
    created_at timestamp(6) without time zone DEFAULT CURRENT_TIMESTAMP,
    deleted boolean DEFAULT false
);


ALTER TABLE public.products OWNER TO shop_user;

--
-- Name: products_id_seq; Type: SEQUENCE; Schema: public; Owner: shop_user
--

ALTER TABLE public.products ALTER COLUMN id ADD GENERATED BY DEFAULT AS IDENTITY (
    SEQUENCE NAME public.products_id_seq
    START WITH 1
    INCREMENT BY 1
    NO MINVALUE
    NO MAXVALUE
    CACHE 1
);


--
-- Name: user_credentials; Type: TABLE; Schema: public; Owner: shop_user
--

CREATE TABLE public.user_credentials (
    id bigint NOT NULL,
    email character varying(255),
    password character varying(255),
    username character varying(255),
    role character varying(255),
    status character varying(255),
    first_name character varying(255),
    last_name character varying(255),
    mobile character varying(255),
    updated_at timestamp(6) without time zone,
    created_at timestamp(6) without time zone DEFAULT CURRENT_TIMESTAMP,
    deleted boolean DEFAULT false
);


ALTER TABLE public.user_credentials OWNER TO shop_user;

--
-- Name: user_credentials_id_seq; Type: SEQUENCE; Schema: public; Owner: shop_user
--

ALTER TABLE public.user_credentials ALTER COLUMN id ADD GENERATED BY DEFAULT AS IDENTITY (
    SEQUENCE NAME public.user_credentials_id_seq
    START WITH 1
    INCREMENT BY 1
    NO MINVALUE
    NO MAXVALUE
    CACHE 1
);


--
-- Name: user_profiles; Type: TABLE; Schema: public; Owner: shop_user
--

CREATE TABLE public.user_profiles (
    id bigint NOT NULL,
    address character varying(255),
    full_name character varying(255),
    username character varying(255),
    updated_at timestamp(6) without time zone,
    created_at timestamp(6) without time zone DEFAULT CURRENT_TIMESTAMP,
    deleted boolean DEFAULT false
);


ALTER TABLE public.user_profiles OWNER TO shop_user;

--
-- Name: user_profiles_id_seq; Type: SEQUENCE; Schema: public; Owner: shop_user
--

ALTER TABLE public.user_profiles ALTER COLUMN id ADD GENERATED BY DEFAULT AS IDENTITY (
    SEQUENCE NAME public.user_profiles_id_seq
    START WITH 1
    INCREMENT BY 1
    NO MINVALUE
    NO MAXVALUE
    CACHE 1
);


--
-- Data for Name: brands; Type: TABLE DATA; Schema: public; Owner: shop_user
--

COPY public.brands (id, name, updated_at, created_at, deleted) FROM stdin;
1	Sony	\N	2026-06-06 06:31:45.052514	f
2	Logitech	\N	2026-06-06 06:31:45.052514	f
\.


--
-- Data for Name: categories; Type: TABLE DATA; Schema: public; Owner: shop_user
--

COPY public.categories (id, name, updated_at, created_at, deleted) FROM stdin;
1	Electronics	\N	2026-06-06 06:30:40.375549	f
\.


--
-- Data for Name: order_items; Type: TABLE DATA; Schema: public; Owner: shop_user
--

COPY public.order_items (id, price, product_id, quantity, order_id, created_at, updated_at, deleted) FROM stdin;
6	29.99	1	2	6	2026-06-06 06:28:19.892798	2026-06-06 06:28:19.892798	f
7	398.00	3	2	7	2026-06-06 06:28:19.892798	2026-06-06 06:28:19.892798	f
8	29.99	1	1	8	2026-06-06 06:28:19.892798	2026-06-06 06:28:19.892798	f
9	29.99	1	1	9	2026-06-06 12:32:01.455134	2026-06-06 12:32:01.455134	f
10	12.00	4	1	10	2026-06-06 13:11:15.563594	2026-06-06 13:11:15.563594	f
11	29.99	1	1	11	2026-06-07 00:21:16.562541	2026-06-07 00:21:16.562541	f
12	89.99	2	1	12	2026-06-07 00:25:25.272897	2026-06-07 00:25:25.272897	f
13	12.00	4	1	13	2026-06-07 00:38:23.052203	2026-06-07 00:38:23.052203	f
14	29.99	1	1	14	2026-06-07 01:22:51.57331	2026-06-07 01:22:51.57331	f
15	12.00	4	1	15	2026-06-07 01:28:34.890245	2026-06-07 01:28:34.890245	f
16	89.99	2	1	16	2026-06-07 01:40:13.467546	2026-06-07 01:40:13.467546	f
17	29.99	1	1	17	2026-06-07 15:22:14.519532	2026-06-07 15:22:14.519532	f
\.


--
-- Data for Name: orders; Type: TABLE DATA; Schema: public; Owner: shop_user
--

COPY public.orders (id, created_at, status, total_amount, user_id, updated_at, deleted) FROM stdin;
6	2026-06-02 21:58:19.080658	CANCELLED	59.98	8	2026-06-06 12:38:08.839481	f
11	2026-06-07 00:21:16.536828	PROCESSING	29.99	testuser_2051686320	2026-06-07 00:21:16.536828	f
12	2026-06-07 00:25:25.268471	PROCESSING	89.99	testuser_2051686320	2026-06-07 00:25:25.268471	f
13	2026-06-07 00:38:23.04857	PROCESSING	12.00	testuser_2051686320	2026-06-07 00:38:23.04857	f
7	2026-06-03 22:04:43.144156	PROCESSING	796.00	testuser_2051686320	2026-06-07 01:39:39.815361	f
8	2026-06-03 23:38:25.469872	PROCESSING	29.99	testuser_2051686320	2026-06-07 01:39:39.857007	f
9	2026-06-06 12:32:01.428079	PROCESSING	29.99	admin	2026-06-07 01:39:39.873782	f
10	2026-06-06 13:11:15.536871	PROCESSING	12.00	testuser_2051686320	2026-06-07 01:39:39.88887	f
14	2026-06-07 01:22:51.550342	PROCESSING	29.99	testuser_2051686320	2026-06-07 01:39:39.937823	f
15	2026-06-07 01:28:34.87235	PROCESSING	12.00	testuser_2051686320	2026-06-07 01:39:39.950196	f
16	2026-06-07 01:40:13.461952	PROCESSING	89.99	testuser_2051686320	2026-06-07 01:40:16.858613	f
17	2026-06-07 15:22:14.500306	PROCESSING	29.99	testuser_2051686320	2026-06-07 15:22:15.216827	f
\.


--
-- Data for Name: outbox_events; Type: TABLE DATA; Schema: public; Owner: shop_user
--

COPY public.outbox_events (id, aggregate_id, created_at, event_type, payload, status, updated_at, deleted) FROM stdin;
615d15bf-16c9-48f2-a2b1-eff7d3021e70	8	2026-06-03 23:38:25.506109	OrderPlacedEvent	{"eventId":"615d15bf-16c9-48f2-a2b1-eff7d3021e70","orderId":8,"userId":"testuser_2051686320","items":[{"productId":1,"quantity":1}]}	COMPLETED	2026-06-06 06:32:48.551664	f
a34475cc-98d4-401c-9aa6-5c4d6c9a1bad	7	2026-06-05 22:40:15.656515	OrderStatusUpdatedEvent	{"eventId":"a34475cc-98d4-401c-9aa6-5c4d6c9a1bad","orderId":7,"userId":"testuser_2051686320","newStatus":"SHIPPED"}	COMPLETED	2026-06-06 06:32:48.551664	f
cc459677-0762-4306-be08-0f3c08e4e193	9	2026-06-06 12:32:01.473408	OrderPlacedEvent	{"eventId":"cc459677-0762-4306-be08-0f3c08e4e193","orderId":9,"userId":"admin","items":[{"productId":1,"quantity":1}]}	COMPLETED	2026-06-06 12:32:01.455134	f
a8d9d36b-8047-4b6e-bdb4-2054149ffc79	9	2026-06-06 12:37:50.558321	OrderStatusUpdatedEvent	{"eventId":"a8d9d36b-8047-4b6e-bdb4-2054149ffc79","orderId":9,"userId":"admin","newStatus":"SHIPPED"}	COMPLETED	2026-06-06 12:37:50.550738	f
b86354bc-9be2-49ec-8543-45c9fb81f518	9	2026-06-06 12:37:54.860766	OrderStatusUpdatedEvent	{"eventId":"b86354bc-9be2-49ec-8543-45c9fb81f518","orderId":9,"userId":"admin","newStatus":"DELIVERED"}	COMPLETED	2026-06-06 12:37:54.85917	f
74e49541-d75a-4bb3-a867-1f22cfd3506b	9	2026-06-06 12:38:01.801538	OrderStatusUpdatedEvent	{"eventId":"74e49541-d75a-4bb3-a867-1f22cfd3506b","orderId":9,"userId":"admin","newStatus":"PROCESSING"}	COMPLETED	2026-06-06 12:38:01.800536	f
75d84824-6e74-446d-b533-ceb825741b42	6	2026-06-06 12:38:08.836348	OrderStatusUpdatedEvent	{"eventId":"75d84824-6e74-446d-b533-ceb825741b42","orderId":6,"userId":"8","newStatus":"CANCELLED"}	COMPLETED	2026-06-06 12:38:08.835266	f
246f7307-b707-40fe-9e98-dfbb41a4d9e2	8	2026-06-06 12:38:10.446878	OrderStatusUpdatedEvent	{"eventId":"246f7307-b707-40fe-9e98-dfbb41a4d9e2","orderId":8,"userId":"testuser_2051686320","newStatus":"CANCELLED"}	COMPLETED	2026-06-06 12:38:10.44563	f
67c73025-d6ac-4d1f-85ce-89d881788894	9	2026-06-06 12:38:18.705479	OrderStatusUpdatedEvent	{"eventId":"67c73025-d6ac-4d1f-85ce-89d881788894","orderId":9,"userId":"admin","newStatus":"DELIVERED"}	COMPLETED	2026-06-06 12:38:18.70352	f
3ae8c805-4324-45b8-9a86-3d177aab9311	10	2026-06-06 13:11:15.577988	OrderPlacedEvent	{"eventId":"3ae8c805-4324-45b8-9a86-3d177aab9311","orderId":10,"userId":"testuser_2051686320","items":[{"productId":4,"quantity":1}]}	COMPLETED	2026-06-06 13:11:15.563594	f
79631c7d-34b8-4dd6-92d5-bbf21af2b8c0	10	2026-06-06 13:11:55.836677	OrderStatusUpdatedEvent	{"eventId":"79631c7d-34b8-4dd6-92d5-bbf21af2b8c0","orderId":10,"userId":"testuser_2051686320","newStatus":"SHIPPED"}	COMPLETED	2026-06-06 13:11:55.833765	f
af977516-8204-4c14-bdfb-fd409bc09bcf	11	2026-06-07 00:21:16.583801	OrderPlacedEvent	{"eventId":"af977516-8204-4c14-bdfb-fd409bc09bcf","orderId":11,"userId":"testuser_2051686320","items":[{"productId":1,"quantity":1}]}	COMPLETED	2026-06-07 00:21:16.562541	f
3f9cb783-ad94-4a14-b565-042f002355ed	12	2026-06-07 00:25:25.277784	OrderPlacedEvent	{"eventId":"3f9cb783-ad94-4a14-b565-042f002355ed","orderId":12,"userId":"testuser_2051686320","items":[{"productId":2,"quantity":1}]}	COMPLETED	2026-06-07 00:25:25.272897	f
ec8e5bc3-3ce2-4898-83fd-ab9e0992333a	13	2026-06-07 00:38:23.056956	OrderPlacedEvent	{"eventId":"ec8e5bc3-3ce2-4898-83fd-ab9e0992333a","orderId":13,"userId":"testuser_2051686320","items":[{"productId":4,"quantity":1}]}	COMPLETED	2026-06-07 00:38:23.052203	f
3d245de8-da7e-4600-8be6-101cebbce1c6	14	2026-06-07 01:22:51.589019	OrderPlacedEvent	{"eventId":"3d245de8-da7e-4600-8be6-101cebbce1c6","orderId":14,"userId":"testuser_2051686320","items":[{"productId":1,"quantity":1}]}	COMPLETED	2026-06-07 01:22:51.57331	f
be9a8dba-ee5c-4f32-83f7-dd659dfacff7	15	2026-06-07 01:28:34.901186	OrderPlacedEvent	{"eventId":"be9a8dba-ee5c-4f32-83f7-dd659dfacff7","orderId":15,"userId":"testuser_2051686320","items":[{"productId":4,"quantity":1}]}	COMPLETED	2026-06-07 01:28:34.890245	f
00d8db1b-c768-418e-be62-b33aade8003b	9	2026-06-07 01:39:39.868219	OrderStatusUpdatedEvent	{"eventId":"00d8db1b-c768-418e-be62-b33aade8003b","orderId":9,"userId":"admin","newStatus":"PROCESSING"}	COMPLETED	2026-06-07 01:39:39.867512	f
148ca4d7-b8ae-4d8d-be43-5bcae107ac13	15	2026-06-07 01:39:39.945742	OrderStatusUpdatedEvent	{"eventId":"148ca4d7-b8ae-4d8d-be43-5bcae107ac13","orderId":15,"userId":"testuser_2051686320","newStatus":"PROCESSING"}	COMPLETED	2026-06-07 01:39:39.945693	f
1a586bcf-4717-4a8f-8a13-9fbd8331d3f3	8	2026-06-07 01:39:39.85223	OrderStatusUpdatedEvent	{"eventId":"1a586bcf-4717-4a8f-8a13-9fbd8331d3f3","orderId":8,"userId":"testuser_2051686320","newStatus":"PROCESSING"}	COMPLETED	2026-06-07 01:39:39.851432	f
338b4cc6-055c-4865-9c2e-e6c102ddfdf3	14	2026-06-07 01:39:39.933038	OrderStatusUpdatedEvent	{"eventId":"338b4cc6-055c-4865-9c2e-e6c102ddfdf3","orderId":14,"userId":"testuser_2051686320","newStatus":"PROCESSING"}	COMPLETED	2026-06-07 01:39:39.932888	f
5c1857c9-3105-4e27-b429-9fce12a1629e	7	2026-06-07 01:39:39.783876	OrderStatusUpdatedEvent	{"eventId":"5c1857c9-3105-4e27-b429-9fce12a1629e","orderId":7,"userId":"testuser_2051686320","newStatus":"PROCESSING"}	COMPLETED	2026-06-07 01:39:39.763861	f
8cf249fe-2abe-4c7a-8517-6b2591c8063f	11	2026-06-07 01:39:39.898561	OrderStatusUpdatedEvent	{"eventId":"8cf249fe-2abe-4c7a-8517-6b2591c8063f","orderId":11,"userId":"testuser_2051686320","newStatus":"PROCESSING"}	COMPLETED	2026-06-07 01:39:39.89782	f
971bb548-b099-4502-9f34-16c4f5f5c570	12	2026-06-07 01:39:39.911494	OrderStatusUpdatedEvent	{"eventId":"971bb548-b099-4502-9f34-16c4f5f5c570","orderId":12,"userId":"testuser_2051686320","newStatus":"PROCESSING"}	COMPLETED	2026-06-07 01:39:39.910169	f
bce723ec-59cf-41f3-a91c-708f5222764c	15	2026-06-07 01:39:39.958607	OrderStatusUpdatedEvent	{"eventId":"bce723ec-59cf-41f3-a91c-708f5222764c","orderId":15,"userId":"testuser_2051686320","newStatus":"PROCESSING"}	COMPLETED	2026-06-07 01:39:39.958257	f
d26f3f32-8105-42d7-82ae-67ee4b1d4432	10	2026-06-07 01:39:39.883923	OrderStatusUpdatedEvent	{"eventId":"d26f3f32-8105-42d7-82ae-67ee4b1d4432","orderId":10,"userId":"testuser_2051686320","newStatus":"PROCESSING"}	COMPLETED	2026-06-07 01:39:39.882968	f
e20472d1-64a9-47f0-b515-abec42c65e32	13	2026-06-07 01:39:39.922816	OrderStatusUpdatedEvent	{"eventId":"e20472d1-64a9-47f0-b515-abec42c65e32","orderId":13,"userId":"testuser_2051686320","newStatus":"PROCESSING"}	COMPLETED	2026-06-07 01:39:39.921752	f
09e3f3dd-8303-41b1-974b-1e0ca2062853	16	2026-06-07 01:40:13.474586	OrderPlacedEvent	{"eventId":"09e3f3dd-8303-41b1-974b-1e0ca2062853","orderId":16,"userId":"testuser_2051686320","items":[{"productId":2,"quantity":1}]}	COMPLETED	2026-06-07 01:40:13.467546	f
a5a7d4ed-149c-4696-a5f0-5fa6dfbabf5b	16	2026-06-07 01:40:16.855468	OrderStatusUpdatedEvent	{"eventId":"a5a7d4ed-149c-4696-a5f0-5fa6dfbabf5b","orderId":16,"userId":"testuser_2051686320","newStatus":"PROCESSING"}	COMPLETED	2026-06-07 01:40:16.853993	f
093cc1cd-2100-426f-9abe-69ff886406c0	17	2026-06-07 15:22:14.577987	OrderPlacedEvent	{"eventId":"093cc1cd-2100-426f-9abe-69ff886406c0","orderId":17,"userId":"testuser_2051686320","items":[{"productId":1,"quantity":1}]}	COMPLETED	2026-06-07 15:22:14.519532	f
03e10bc1-d99c-47e3-93d8-66aa624b415f	17	2026-06-07 15:22:15.213659	OrderStatusUpdatedEvent	{"eventId":"03e10bc1-d99c-47e3-93d8-66aa624b415f","orderId":17,"userId":"testuser_2051686320","newStatus":"PROCESSING"}	COMPLETED	2026-06-07 15:22:15.208649	f
\.


--
-- Data for Name: processed_events; Type: TABLE DATA; Schema: public; Owner: shop_user
--

COPY public.processed_events (event_id, processed_at, created_at, updated_at, deleted) FROM stdin;
3a051e5f-8598-449c-bba0-7eef4c60d21f	2026-06-02 22:00:46.718438	2026-06-06 06:32:08.553547	2026-06-06 06:32:08.553547	f
1f036799-70bf-4acf-9f74-17418d61d716	2026-06-02 22:00:46.756661	2026-06-06 06:32:08.553547	2026-06-06 06:32:08.553547	f
0ddaef4b-dae1-4841-9d48-1b4f73321a32	2026-06-02 22:00:46.769359	2026-06-06 06:32:08.553547	2026-06-06 06:32:08.553547	f
8fe3d7b0-c20c-48c8-a761-b54a2a6ce980	2026-06-02 22:00:46.781309	2026-06-06 06:32:08.553547	2026-06-06 06:32:08.553547	f
\.


--
-- Data for Name: products; Type: TABLE DATA; Schema: public; Owner: shop_user
--

COPY public.products (id, description, name, price, stock_quantity, image_url, brand_id, category_id, updated_at, created_at, deleted) FROM stdin;
3	Industry leading noise canceling	Sony WH-1000XM5 Headphones	398.00	46	\N	1	1	2026-06-07 01:21:47.033588	2026-06-06 06:27:13.449179	f
4	dddd	Generic H2 (Embedded)	12.00	18	\N	\N	\N	2026-06-07 01:34:56.364861	2026-06-06 06:27:13.449179	f
2	RGB Mechanical Keyboard	Mechanical Keyboard	89.99	47	\N	2	1	2026-06-07 01:40:16.81584	2026-06-06 06:27:13.449179	f
1	Ergonomic wireless mouse	Wireless Mouse	29.99	78	\N	\N	\N	2026-06-07 15:22:15.06754	2026-06-06 06:27:13.449179	f
\.


--
-- Data for Name: user_credentials; Type: TABLE DATA; Schema: public; Owner: shop_user
--

COPY public.user_credentials (id, email, password, username, role, status, first_name, last_name, mobile, updated_at, created_at, deleted) FROM stdin;
1	john@example.com	$2a$10$dAW020fAwscD0GreZWCNu.DAA23L5aroa5VBeTiPL9mWDiR/OM7Qm	john_doe	\N	\N	\N	\N	\N	\N	2026-06-06 06:23:34.633034	f
2	jane2@example.com	$2a$10$y.adYHlmPBUrGY0aEO5G7OhlNVo.KEJn86QmBOVQCOAkMqO/F8I7G	jane_doe2	\N	\N	\N	\N	\N	\N	2026-06-06 06:23:34.633034	f
5	sonyms2@example.com	{bcrypt}$2a$10$OHPQ3vWDXbxc0wZZQPEt1udA60iSkK6zcgn1KDIEYceF7bLfAbJE6	sonyms2	\N	\N	\N	\N	\N	\N	2026-06-06 06:23:34.633034	f
6	sonyms4@example.com	{bcrypt}$2a$10$oG..Su8UJToflgT68Qu/H.hEYtweg2R3N3NiZRmxWhGwVlPDpV.F2	sonyms4	\N	\N	\N	\N	\N	\N	2026-06-06 06:23:34.633034	f
7	sonyms5@example.com	{bcrypt}$2a$10$NNJMo4sJiaI350xr.UulTOGg3O6dh6pgM8tJKerI7yfqHRzYXqAwe	sonyms5	\N	\N	\N	\N	\N	\N	2026-06-06 06:23:34.633034	f
10	\N	{bcrypt}$2a$10$8oWV9orN6WvcpyN/9eIaneGSb3Ht2iUS7f.TT4f0ziPudBvhnbc1O	testuser_2051686320	\N	\N	\N	\N	\N	\N	2026-06-06 06:23:34.633034	f
8	sony@example.com	{bcrypt}$2a$10$LK07bFgICAsS/tSvBmT0/OnNNU/kQ7uajnpXUtMPoVRcR.iT8XNt6	sony	\N	\N	\N	\N	\N	\N	2026-06-06 06:23:34.633034	f
12	admin@shopsphere.com	{bcrypt}$2a$10$dXzoONblzMhjqBePLEzNz.W6i/11K8RjGogi5zaGLoC4c2lErQLJW	admin	ADMIN	\N	\N	\N	\N	\N	2026-06-06 06:23:34.633034	f
11	\N	{bcrypt}$2a$10$1qlyjnt.Anq1J8Ri4/P58e6lPk5Exs80LTfkbyt1AzPgwo5PmAq1.	sony@mail.com	\N	ACTIVE	\N	\N	\N	\N	2026-06-06 06:23:34.633034	f
13	\N	{bcrypt}$2a$10$0Vn0ZcTu.aLRJzZeBCvRquOJVL.7rKKvKGbb55.PLFBBUF61SklCa	sony2@mail.com	USER	BANNED	\N	\N	\N	2026-06-06 12:38:27.862618	2026-06-06 06:23:34.633034	f
\.


--
-- Data for Name: user_profiles; Type: TABLE DATA; Schema: public; Owner: shop_user
--

COPY public.user_profiles (id, address, full_name, username, updated_at, created_at, deleted) FROM stdin;
3	123 Main St	John Doe	john_doe	\N	2026-06-06 06:20:21.214574	f
\.


--
-- Name: brands_id_seq; Type: SEQUENCE SET; Schema: public; Owner: shop_user
--

SELECT pg_catalog.setval('public.brands_id_seq', 2, true);


--
-- Name: categories_id_seq; Type: SEQUENCE SET; Schema: public; Owner: shop_user
--

SELECT pg_catalog.setval('public.categories_id_seq', 1, true);


--
-- Name: order_items_id_seq; Type: SEQUENCE SET; Schema: public; Owner: shop_user
--

SELECT pg_catalog.setval('public.order_items_id_seq', 17, true);


--
-- Name: orders_id_seq; Type: SEQUENCE SET; Schema: public; Owner: shop_user
--

SELECT pg_catalog.setval('public.orders_id_seq', 17, true);


--
-- Name: products_id_seq; Type: SEQUENCE SET; Schema: public; Owner: shop_user
--

SELECT pg_catalog.setval('public.products_id_seq', 4, true);


--
-- Name: user_credentials_id_seq; Type: SEQUENCE SET; Schema: public; Owner: shop_user
--

SELECT pg_catalog.setval('public.user_credentials_id_seq', 13, true);


--
-- Name: user_profiles_id_seq; Type: SEQUENCE SET; Schema: public; Owner: shop_user
--

SELECT pg_catalog.setval('public.user_profiles_id_seq', 3, true);


--
-- Name: brands brands_pkey; Type: CONSTRAINT; Schema: public; Owner: shop_user
--

ALTER TABLE ONLY public.brands
    ADD CONSTRAINT brands_pkey PRIMARY KEY (id);


--
-- Name: categories categories_pkey; Type: CONSTRAINT; Schema: public; Owner: shop_user
--

ALTER TABLE ONLY public.categories
    ADD CONSTRAINT categories_pkey PRIMARY KEY (id);


--
-- Name: order_items order_items_pkey; Type: CONSTRAINT; Schema: public; Owner: shop_user
--

ALTER TABLE ONLY public.order_items
    ADD CONSTRAINT order_items_pkey PRIMARY KEY (id);


--
-- Name: orders orders_pkey; Type: CONSTRAINT; Schema: public; Owner: shop_user
--

ALTER TABLE ONLY public.orders
    ADD CONSTRAINT orders_pkey PRIMARY KEY (id);


--
-- Name: outbox_events outbox_events_pkey; Type: CONSTRAINT; Schema: public; Owner: shop_user
--

ALTER TABLE ONLY public.outbox_events
    ADD CONSTRAINT outbox_events_pkey PRIMARY KEY (id);


--
-- Name: processed_events processed_events_pkey; Type: CONSTRAINT; Schema: public; Owner: shop_user
--

ALTER TABLE ONLY public.processed_events
    ADD CONSTRAINT processed_events_pkey PRIMARY KEY (event_id);


--
-- Name: products products_pkey; Type: CONSTRAINT; Schema: public; Owner: shop_user
--

ALTER TABLE ONLY public.products
    ADD CONSTRAINT products_pkey PRIMARY KEY (id);


--
-- Name: brands ukoce3937d2f4mpfqrycbr0l93m; Type: CONSTRAINT; Schema: public; Owner: shop_user
--

ALTER TABLE ONLY public.brands
    ADD CONSTRAINT ukoce3937d2f4mpfqrycbr0l93m UNIQUE (name);


--
-- Name: categories ukt8o6pivur7nn124jehx7cygw5; Type: CONSTRAINT; Schema: public; Owner: shop_user
--

ALTER TABLE ONLY public.categories
    ADD CONSTRAINT ukt8o6pivur7nn124jehx7cygw5 UNIQUE (name);


--
-- Name: user_credentials user_credentials_pkey; Type: CONSTRAINT; Schema: public; Owner: shop_user
--

ALTER TABLE ONLY public.user_credentials
    ADD CONSTRAINT user_credentials_pkey PRIMARY KEY (id);


--
-- Name: user_profiles user_profiles_pkey; Type: CONSTRAINT; Schema: public; Owner: shop_user
--

ALTER TABLE ONLY public.user_profiles
    ADD CONSTRAINT user_profiles_pkey PRIMARY KEY (id);


--
-- Name: idx_order_items_product_id; Type: INDEX; Schema: public; Owner: shop_user
--

CREATE INDEX idx_order_items_product_id ON public.order_items USING btree (product_id);


--
-- Name: idx_orders_user_id; Type: INDEX; Schema: public; Owner: shop_user
--

CREATE INDEX idx_orders_user_id ON public.orders USING btree (user_id);


--
-- Name: idx_outbox_status; Type: INDEX; Schema: public; Owner: shop_user
--

CREATE INDEX idx_outbox_status ON public.outbox_events USING btree (status);


--
-- Name: idx_product_category; Type: INDEX; Schema: public; Owner: shop_user
--

CREATE INDEX idx_product_category ON public.products USING btree (category_id);


--
-- Name: idx_product_name; Type: INDEX; Schema: public; Owner: shop_user
--

CREATE INDEX idx_product_name ON public.products USING btree (name);


--
-- Name: idx_user_credentials_username; Type: INDEX; Schema: public; Owner: shop_user
--

CREATE INDEX idx_user_credentials_username ON public.user_credentials USING btree (username);


--
-- Name: idx_user_profiles_username; Type: INDEX; Schema: public; Owner: shop_user
--

CREATE INDEX idx_user_profiles_username ON public.user_profiles USING btree (username);


--
-- Name: products fka3a4mpsfdf4d2y6r8ra3sc8mv; Type: FK CONSTRAINT; Schema: public; Owner: shop_user
--

ALTER TABLE ONLY public.products
    ADD CONSTRAINT fka3a4mpsfdf4d2y6r8ra3sc8mv FOREIGN KEY (brand_id) REFERENCES public.brands(id);


--
-- Name: order_items fkbioxgbv59vetrxe0ejfubep1w; Type: FK CONSTRAINT; Schema: public; Owner: shop_user
--

ALTER TABLE ONLY public.order_items
    ADD CONSTRAINT fkbioxgbv59vetrxe0ejfubep1w FOREIGN KEY (order_id) REFERENCES public.orders(id);


--
-- Name: products fkog2rp4qthbtt2lfyhfo32lsw9; Type: FK CONSTRAINT; Schema: public; Owner: shop_user
--

ALTER TABLE ONLY public.products
    ADD CONSTRAINT fkog2rp4qthbtt2lfyhfo32lsw9 FOREIGN KEY (category_id) REFERENCES public.categories(id);


--
-- PostgreSQL database dump complete
--

\unrestrict wUZvavg1dGv1STMCU4by0WyyPTaWt84cmZt1nhFTlPS2HPJdRUojV3Pj665mHsc

